Workbook

Sheet SOCIOS
A1: NOMBRE Y APELLIDOS | B1: ol | C1: NAF | D1: NIF/NIE | E1: CC | F1: FECHA NACIMIENTO | G1: GRUPO | H1: CATEGORIA PROFESIONAL | J1: FECHA CADUCIDAD | K1: NACIONALIDAD
A2: NICOLETTA VALENTE | B2: 471018649632 | C2: 1018649632 | D2: X6105215A | E2: 186282967 | F2: 28638
A3: IGNACIO MARTIN RICCI | B3: 081279985491 | C3: 1279985491 | D3: Y2639496F | E3: 186282967 | F3: 31873 | G3: 3 | H3: 6000327 | I3: ARTISTA DE CIRCO
A4: GUILLERMO VIZCAINO LLOBERA | B4: 071045708077 | C4: 1045708077 | D4: 41522123Q | E4: 186282967 | F4: 31887
A5: JORGE ALBUERNE JUANCO | B5: 331015957038 | C5: 1015957038 | D5: 09422055J | E5: 186282967 | F5: 27351 | G5: 3 | H5: 6000327 | I5: ARTISTA DE CIRCO
A6: EMMANUEL JOEL DANET | B6: 071005945454 | C6: 1005945454 | D6: X1981863E | E6: 186282967 | F6: 26167 | G6: 3 | H6: 6000320 | I6: ACTOR TEATRO
A7: ELISABETTA CAU | B7: 081295553284 | C7: 1295553284 | D7: Y3339605L | E7: 182521791 | F7: 27883
A8: NICOLAS BENINCASA | B8: 081227131003 | C8: 1227131003 | D8: Y0082226S | E8: 186282967 | F8: 29195 | G8: 3 | H8: 6000327 | I8: ARTISTA DE CIRCO
A9: JOAQUIN LAGUARDE | B9: 081173328840 | C9: 1173328840 | D9: X3428235Q | E9: 186282967 | F9: 27313 | G9: 5 | H9: 6100512 | I9: MONTADOR
A10: FRANCISCO ROJAS DYVINETZ | B10: 471019949869 | C10: 1019949869 | D10: 26320591N | E10: 186282967 | F10: 28654
A11: RODOLFO ALFREDO SAMPEDRO | B11: 041039961584 | C11: 1039961584 | D11: X6513507E | E11: 186282967 | F11: 26196
A12: HECTOR GRANADA COROLEU | B12: 081052236161 | C12: 1052236161 | D12: 46138182K | E12: 186282967 | F12: 28781 | G12: 5 | H12: 6100519 | I12: PRIMER AYUDANTE PRODUCCION
A13: ANTONIO BLANCO HERMOSIN | B13: 081078871856 | C13: 1078871856 | D13: 43453709Q | E13: 186282967 | F13: 29540
A14: MARIA SOL VAZQUEZ NICOLOFF | B14: 081174888823 | C14: 1174888823 | D14: 49322021Q | E14: 186282967 | F14: 29673 | G14: 3 | H14: 6000325
A15: ADRIANA SEGURADO MENDEZ | B15: 081098996528 | C15: 1098996528 | D15: 47634414B | E15: 186282967 | F15: 29855 | G15: 3 | H15: 6000320 | I15: ACTOR TEATRO
A16: JUAN CARLOS SABATE | B16: 081255998607 | C16: 1255998607 | D16: Y0452587F | E16: 182521791 | F16: 29631
A17: XAVIER GARCÍA ILLA | B17: 081069372122 | C17: 1069372122 | D17: 38135612W | E17: 186282967 | F17: 29458 | G17: 3 | H17: 6000326 | I17: MÚSIC
A18: ALBERT REQUENA SERRA | B18: 080543963801 | C18: 0543963801 | D18: 40992217F | E18: 186282967 | F18: 27876 | G18: 3 | H18: 6000320 | I18: ACTOR TEATRO
A19: AINHOA ROCA VIELBA AUTONOMA | B19: 081103701129 | C19: 1103701129 | D19: 52916243M | E19: 186282967 | F19: 3 | G19: 3 | H19: 6000320 | I19: ACTOR TEATRO
A20: JADE MORIN | B20: 281316149082 | C20: 1316149082 | D20: Y0276785V | E20: 186282967 | F20: 30224 | G20: 3 | H20: 6000327 | I20: ARTISTA DE CIRCO
A21: PATXI URLEZAGA MORUGARREN | B21: 201007912318 | C21: 1007912318 | D21: 44170136Q | E21: 186282967 | F21: 28870
A22: MAURO DANIEL PAGANINI POLLINI | B22: 081180605052 | C22: 1180605052 | D22: 21755736J | E22: 186282967 | F22: 29011 | G22: 3 | H22: 6000327 | I22: ARTISTA DE CIRCO
A23: TUPAC MARTÍN DAMIA | B23: 331041402360 | C23: 1041402360 | D23: X8921944Z | E23: 182521791 | F23: 30391
A24: STINA MARIA KOPRA | B24: 081323731380 | C24: 1323731380 | D24: Y3361816N | E24: 186282967 | F24: 30747 | K24: FINLANDIA
A25: ANGEL ROSET ROSADO | B25: 081093008594 | C25: 1093008594 | D25: 39363487E | E25: 186282967 | F25: 29978 | G25: 3 | H25: 6000327 | I25: ARTISTA DE CIRCO
A26: VICTOR RUBILAR PANASIUK | B26: 081323732794 | C26: 1323732794 | D26: Y3361795Z | E26: 186282967 | F26: 29426 | G26: 3 | H26: 6000327 | I26: ARTISTA DE CIRCO
A27: DOMINIK SRZEDNICKI | B27: 481049393393 | C27: 1049393393 | D27: Y0165523Y | E27: 186282967 | F27: 28302
A28: MARTA GARCIA CARDELLACH | B28: 081158972638 | C28: 1158972638 | D28: 45882493T | E28: 186282967 | F28: 32791 | G28: 7 | H28: 6100739 | I28: 2º AYUDANTE PRODUCCION
A29: MARIA INES GUARDIA ARARIO | B29: 081163788787 | C29: 1163788787 | D29: 23820881B | E29: 186282967 | F29: 29651 | G29: 3 | H29: 6000327 | I29: ARTISTA DE CIRCO
A30: MERITXELL ESTEBAN JANOT | B30: 080422563752 | C30: 0422563752 | D30: 38509140X | E30: 186282967 | F30: 23468 | G30: 4 | H30: 6100407 | I30: ESCENOGRAFA
A31: MARC ANTOLI JUSTICIA | B31: 081238203349 | C31: 1238203349 | D31: 48088795G | E31: 186282967 | F31: 34445
A32: CLAUDIA BALCELLS CARNER | B32: 081247381569 | C32: 1247381569 | D32: 48039310S | E32: 186282967 | F32: 34224
A33: ANTONIO ALCALDE SEBASTIAN | B33: 081224816642 | C33: 1224816642 | D33: 53085023B | E33: 186282967 | F33: 33600
A34: SALVADOR RIBA MEGIAS | B34: 081093512893 | C34: 1093512893 | D34: 43443782W | E34: 186282967 | F34: 29912
A35: SONIA GOMEZ VICENTE | B35: 430059140462 | C35: 0059140462 | D35: 52603529E | E35: 186282967 | F35: 26989 | G35: 3 | H35: 6000325 | I35: BAILARINA
A36: JORDI QUEROL GIMENEZ | B36: 081094780159 | C36: 1094780159 | D36: 44416130W | E36: 186282967 | F36: 29848
A37: JOSEP MASNOU DOU | B37: 081232647875 | C37: 1232647875 | D37: 47817962L | E37: 186282967 | F37: 32819
A38: GEMMA BERENGUER BALAT | B38: 081096576881 | C38: 1096576881 | D38: 46696296V | E38: 186282967 | F38: 29308 | G38: 4 | H38: 6100406 | I38: DECORADORA
A39: ORIOL PLA SOLINA | B39: 081167337573 | C39: 1167337573 | D39: 46151270E | E39: 186282967 | F39: 34076 | G39: 3 | H39: 6000320 | I39: ACTRIZ TEATRO
A40: SONIA ESPINOSA MUÑOZ | B40: 081081707892 | C40: 1081707892 | D40: 46963416S | E40: 186282967 | F40: 28794
A41: DAVID TEIXIDO IBÁÑEZ | B41: 081157087202 | C41: 1157087202 | D41: 46408504R | E41: 186282967 | F41: 32281
A42: MARIA MORA ALCOLEA | B42: 251006595660 | C42: 1006595660 | D42: 47690900D | E42: 186282967 | F42: 30487
A43: LUIZ FERNANDO MOURA | D43: X9910896N | E43: 186282967 | F43: 31093
A44: THOMAS ZETTEL | B44: 081341601006 | C44: 1341601006 | D44: Y0427817P | E44: 186282967 | F44: 29963
A45: VIVIAN FRIEDRICH | B45: 081244990420 | C45: 1244990420 | D45: Y1443268D | E45: 186282967 | F45: 32700
A46: DAVID PRIEGO BUENO | B46: 461035337220 | C46: 1035337220 | D46: 44506981A | E46: 186282967 | F46: 28350
A47: GINES BELCHI GABARRON | B47: 301055952008 | C47: 1055952008 | D47: 54061715P | E47: 186282967 | F47: 32643 | G47: 3 | H47: 6000327 | I47: ARTISTA DE CIRCO
A48: JESUS NAVARRO ESPINOSA | B48: 081210823279 | C48: 1210823279 | D48: 39437826W | E48: 186282967 | F48: 33428 | G48: 3 | H48: 6000327 | I48: ARTISTA DE CIRCO
A49: DIDAC GILABERT MANSILLA | B49: 251010908019 | C49: 1010908019 | D49: 78089574C | E49: 186282967 | F49: 30616 | G49: 3 | H49: 6000327 | I49: ARTISTA DE CIRCO
A50: KARL KRISTIAN STETS HILDEN | B50: 081159382765 | C50: 1159382765 | D50: X4971297P | E50: 186282967 | F50: 27246 | G50: 3 | H50: 6000327 | I50: ARTISTA DE CIRCO
A51: MARTA LORENTE GOMEZ | B51: 081102326052 | C51: 1102326052 | D51: 79271031J | E51: 186282967 | F51: 30314 | G51: 3 | H51: 6000320 | I51: ACTRIZ TEATRO
A52: RAQUEL BATET ALVAREZ | B52: 081256209882 | C52: 1256209882 | D52: 47881812K | E52: 186282967 | F52: 33001 | G52: 3 | H52: 6000320 | I52: ACTRIZ TEATRO
A53: ELENA LALUCAT GARCIA VALDES | B53: 081246345386 | C53: 1246345386 | D53: 43215569H | E53: 186282967 | F53: 33299 | G53: 3 | H53: 6000325 | I53: BAILARINA
A54: DAVID MAQUEDA PAVO | B54: 081151042381 | C54: 1151042381 | D54: 47819476S | E54: 186282967 | F54: 31847 | G54: 5 | H54: 6100523 | I54: TECNICO DE SONIDO
A55: LISARD TRANIS CORDON | B55: 081257575158 | C55: 1257575158 | D55: 46424203Z | E55: 186282967 | F55: 35150 | G55: 3 | H55: 6000325 | I55: BAILARINA
A56: MARTA CAMUFFI | B56: 081349498321 | C56: 1349498321 | D56: Y5302267E | E56: 186282967 | F56: 32521 | G56: 3 | H56: 6000327 | I56: ARTISTA DE CIRCO
A57: JORDI GASPAR BLANCAFORT | B57: 081016520054 | C57: 1016520054 | D57: 79271285Z | E57: 182521791 | F57: 28320
A58: RICARDO GASTON SANCHEZ | B58: 081241650586 | C58: 1241650586 | D58: Y0672457C | E58: 186282967 | F58: 28909 | G58: 3 | H58: 6000327 | I58: ARTISTA DE CIRCO | K58: argentino | Q58: =29.48*13 -> 383.24
A59: GEORGIA VARDAROU | B59: 081349589459 | C59: 1349589459 | D59: Y5381041K | E59: 186282967 | F59: 30504 | G59: 3 | H59: 6000325 | I59: BAILARINA
A60: ROLANDO BERNARDO SAN MARTIN PEREZ | B60: 281040854291 | C60: 1040854291 | D60: 51426359S | E60: 186282967 | F60: 26330
A61: ANDREU GUZMAN SOLA | B61: 081098973387 | C61: 1098973387 | D61: 47632553J | E61: 186282967 | F61: 29916 | G61: 4 | H61: 6100407 | I61: AUDIOVISUAL
A62: DESISLAVA NEDYALKOVA STANEVA | B62: 081246706411 | C62: 1246706411 | D62: Y1526920X | E62: 186282967 | F62: 31887
A63: LINDA VELLAR | B63: 081351685770 | C63: 1351685770 | D63: Y5467907Q | E63: 186282967 | F63: 32216 | G63: 3 | H63: 6000327 | I63: ARTISTA DE CIRCO
A64: ALBERT ARTIGAS FERNANDEZ | B64: 081124989393 | C64: 1124989393 | D64: 47926890L | E64: 186282967 | F64: 35868
A65: SOFIA DEMICHELI | B65: 081354961340 | C65: 1354961340 | D65: Y5613758R | E65: 186282967 | F65: 33384 | G65: 3 | H65: 6000327 | I65: ARTISTA DE CIRCO | K65: ARGENTINA
A66: GASTON ALEJANDRO PARRAGA | B66: 081341008801 | C66: 1341008801 | D66: Y5002320H | E66: 186282967 | F66: 31453
A67: ANNA CUSCO FRANSI | B67: 081040484613 | C67: 1040484613 | D67: 77316006B | E67: 186282967 | F67: 28967
A68: THAIS JULIA MAS | B68: 081198737180 | C68: 1198737180 | D68: 47331291M | E68: 186282967 | F68: 33255 | G68: 3 | H68: 6000327 | I68: ARTISTA DE CIRCO
A69: TIZIANO CAFFI | B69: 081196981076 | C69: 1196981076 | D69: X8622435B | E69: 186282967 | F69: 29178
A70: VICTORIA EUGENIA CARLOS ALBACETE | B70: 301096910963 | C70: 1096910963 | D70: 48737102X | E70: 186282967 | F70: 33569
A71: ARIADNA BERENICE FERREIRA GUTIERREZ | B71: 081294207311 | C71: 1294207311 | D71: Y1968903W | E71: 186282967 | F71: 28752
A72: JUDIT OBACH COLOMER | B72: 081242030405 | C72: 1242030405 | D72: 47814120H | E72: 186282967 | F72: 33030 | G72: 3 | H72: 6000327 | I72: ARTISTA DE CIRCO
A73: MADDALENA CHIALDA | B73: 081371518230 | C73: 1371518230 | D73: Y6140008B | E73: 186282967 | F73: 33119 | G73: 3 | H73: 6000327 | I73: ARTISTA DE CIRCO
A74: ANNA MARIA COLOMAR COSTA | B74: 071071552416 | C74: 1071552416 | D74: 47407717W | E74: 182521791 | F74: 34538
A75: MONTSERRAT CAMPS LLORENS | B75: 081102260677 | C75: 1102260677 | D75: 77742173B | E75: 186282967 | F75: 28961
A76: MARC LAPUERTA LIZANA | B76: 431023578343 | C76: 1023578343 | D76: 47827559W | E76: 186282967 | F76: 33350
A77: INES GONZALEZ BOZA | B77: 080518612041 | C77: 0518612041 | D77: 18198109A | E77: 186282967 | F77: 22733 | G77: 3 | H77: 6000325 | I77: BAILARINA
A78: AINHOA YARZA ARBAIZA | B78: 481024548360 | C78: 1024548360 | D78: 78899662W | E78: 186282967 | F78: 29025
A79: RAQUEL VIÑUALES MARQUEZ | B79: 171043517430 | C79: 1043517430 | D79: 40368638G | E79: 186282967 | F79: 34748
A80: CLAUDIA GOMEZ FIGUERAS | B80: 171029407364 | C80: 1029407364 | D80: 41588342H | E80: 186282967 | F80: 34818
A81: MIRIAM AGUILERA MARTINEZ | B81: 081059358183 | C81: 1059358183 | D81: 46820385K | E81: 186282967 | F81: 28796 | G81: 3 | H81: 6000325 | I81: BAILARINA
A82: ANA RITA ALMEIDA NOUTEL | B82: 081381810132 | C82: 1381810132 | D82: Y0438916K | E82: 186282967 | F82: 29971 | G82: 3 | H82: 6000325 | I82: BAILARINA
A83: ALFONSO PARDO ZAPATERO | B83: 081076835967 | C83: 1076835967 | D83: 38136010D | E83: 186282967 | F83: 27430 | G83: 3 | H83: 6000327 | I83: ARTISTA DE CIRCO
A84: THANIA PAULINA FLORES ALVAREZ | B84: 251028680540 | C84: 1028680540 | D84: Y3869194X | E84: 205946382 | F84: 29958
A85: MARIA NEUS CANALIAS AVILA | B85: 171005723301 | C85: 1005723301 | D85: 77915260T | E85: 186282967 | F85: 28109 | G85: 3 | H85: 6000325 | I85: BAILARINA
A86: NAHUEL ANDRES GROPPO | B86: 381054473028 | C86: 1054473028 | D86: Y1576072B | E86: 186282967 | F86: 31632
A87: SOFIA NUÑEZ RODRIGUEZ | B87: 471018657446 | C87: 1018657446 | D87: 71177023G | E87: 186282967 | F87: 33621
A88: MARTA SORRIBAS SUGRAÑES | B88: 080482494291 | C88: 0482494291 | D88: 35081969T | E88: 205946382 | F88: 23709
A89: JONATAN GONZALEZ CUESTA | B89: 081193672770 | C89: 1193672770 | D89: 47179130N | E89: 186282967 | F89: 32733
A90: JOSE LUIS DE LA TORRE CASTEJON | B90: 361025584036 | C90: 1025584036 | D90: 77402862L | E90: PDTE | F90: 30693
A91: NURIA GONZALEZ LLAUSI | B91: 081306973420 | C91: 1306973420 | D91: 47278778R | E91: 186282967 | F91: 34214 | G91: 3 | H91: 6000320 | I91: ACTRIZ TEATRO
A92: LINN MIRJA JOHANSSON | B92: 081138725001 | C92: 1138725001 | D92: X4456880D | E92: 186282967 | F92: 28646 | G92: 3 | H92: 6000325 | I92: BAILARINA
A93: NEUS ASENCIO VICENTE | B93: 081122756979 | C93: 1122756979 | D93: 46411001Z | E93: 186282967 | F93: 30680
A94: SANDRA SORO MATEOS | B94: 080543733627 | C94: 0543733627 | D94: 43432757V | E94: 186282967 | F94: 26049
A95: CLARA PALAU CANALS | B95: 080312121673 | C95: 0312121673 | D95: 39039107B | E95: 186282967 | F95: 21210
A96: RAUL ROCA BUJARDON | B96: 081035072215 | C96: 1035072215 | D96: 44191191A | E96: 186282967 | F96: 28421
A97: IAN GARRIDO LOPEZ | B97: 041007436979 | C97: 1007436979 | D97: 76631279V | E97: 186282967 | F97: 32501
A98: ELISA EMILIA KEISANEN | B98: 081356030764 | C98: 1356030764 | D98: Y5393688H | E98: 186282967 | F98: 32403 | G98: 3 | H98: 6000325 | I98: BAILARINA | K98: FINLANDESA
A99: CECILIA ALICE MANFRINI | B99: 081382623114 | C99: 1382623114 | D99: Y6185293D | E99: 186282967 | F99: 31746
A100: GERMAN EDUARDO CARO LARSEN | B100: 281246298069 | C100: 1246298069 | D100: 23924142W | E100: 186282967 | F100: 28837
...

Sheet PUNTUALES
A1: CODIGO | B1: SEXO | C1: NOMBRE Y APELLIDOS | D1: NAF | E1: NAF | F1: NIF/NIE | G1: CC | H1: FECHA NACIMIENTO | I1: GRUPO | J1: CATEGORIA PROFESIONAL | L1: FECHA CADUCIDAD | M1: NACIONALIDAD
A2: 1 | B2: Mujer | C2: NATALIA GARCIA REDON | D2: 81035546404 | E2: 1035546404 | F2: 53074571R | G2: 182520478 | H2: 28189
A3: 2 | B3: Mujer | C3: MARIA MANUELA GRACIAN ALVAREZ | D3: 81140685613 | E3: 1140685613 | F3: 49551598F | G3: =G2 -> 182520478 | H3: 28291 | J3: SOCIO COOPERATIVA
A4: 5 | B4: Hombre | C4: MARC FLORENCIO VILLA | D4: 71016176631 | E4: 1016176631 | F4: 43099262E | G4: 186282967 | H4: 27090
A5: 6 | B5: Mujer | C5: ELENA XIBILLE RIERA | D5: 81112028173 | E5: 1112028173 | F5: 43102745D | G5: 186282967 | H5: 28708
A6: 7 | B6: Mujer | C6: RUGIADA GRIGNANI | D6: 81276689111 | E6: 1276689111 | F6: Y2831353K | G6: 186282967 | H6: 32322 | K6: ITA
A7: 8 | B7: Hombre | C7: TIMOTEO GRIGNANI | D7: 81276691939 | E7: 1276691939 | F7: Y2828096F | G7: 186282967 | H7: 33550 | K7: ITA
A8: 9 | B8: Mujer | C8: FABIANA JUDITH RUIZ DIAZ BELTRAN | D8: 81189866734 | E8: 1189866734 | F8: X6183816J | G8: 186282967 | H8: 29818 | J8: VAL 2020 | K8: FCURC URU
A9: 10 | B9: Hombre | C9: ALBERTO SOLANO BARRERA BITAUBE | D9: 111034429337 | E9: 1034429337 | F9: 31709603D | G9: 186282967 | H9: 28320
A10: 11 | B10: Mujer | C10: LUNA ZAPATA BLANCO | D10: 71016750042 | E10: 1016750042 | F10: 43121676B | G10: 186282967 | H10: 28769
A11: 12 | B11: Hombre | C11: CARLOS HERNAN EXPOSITO | D11: 71059675370 | E11: 1059675370 | F11: Y1329560j | G11: 186282967 | H11: 29515 | J11: VAL 15072025 | K11: RCUFC
A12: 13 | B12: Mujer | C12: LUCIA LOURDES QUIROS SAEZ | D12: 71042179907 | E12: 1042179907 | F12: X7840382G | G12: 186282967 | H12: 27313 | K12: ITA
A13: 15 | B13: Hombre | C13: CLAUDIO DANIEL DORIGO | D13: 81185847702 | E13: 1185847702 | F13: X6625246G | G13: 186282967 | H13: 28638 | K13: ITA
A14: 17 | B14: Hombre | C14: ALEJANDRO NICOLAS MUÑOZ | D14: 81197175985 | E14: 1197175985 | F14: X7070128C | G14: 186282967 | H14: 27290 | K14: ITA
A15: 18 | B15: Mujer | C15: RUTH DELGADO OCHOA | D15: 81117119966 | E15: 1117119966 | F15: 52596070S | G15: 186282967 | H15: 32604
A16: 20 | B16: Mujer | C16: INGRID ESPERANZA BERMAN MARIN | D16: 81187766480 | E16: 1187766480 | F16: 24557861W | G16: 186282967 | H16: 30943 | J16: (NO HAY NIE ESCANEADO EN SU CARPETA)
A17: 21 | B17: Hombre | C17: QUIM GIRON FIGUEROLA | D17: 81138084191 | E17: 1138084191 | F17: 43633759E | G17: 186282967 | H17: 31083
A18: 22 | B18: Hombre | C18: ANDREU BASEIRIA VIRGILI | D18: 80504123978 | E18: 0504123978 | F18: 36981271P | G18: 186282967 | H18: 24541
A19: 23 | B19: Hombre | C19: QUIM GIRON FIGUEROLA | F19: 20487801E | G19: 186282967 | H19: 31824
A20: 24 | B20: Hombre | C20: ELEAZAR DAVID FANJUL | D20: 81245927074 | E20: 1245927074 | F20: Y1339214F | G20: 186282967 | H20: 29965 | J20: 45860 | K20: FCU rc
A21: 26 | B21: Hombre | C21: PABLO MONEDERO DE ANDRES | F21: 78721589H | G21: 186282967 | H21: 27313
A22: 27 | B22: Mujer | C22: KATHARINA SOPHIA KAUDELKA | F22: Y0009880G | G22: 186282967
A23: 28 | B23: Mujer | C23: SILVIA CAPELL BOTEY | D23: 251008545865 | E23: 1008545865 | F23: 46692841N | G23: =G21 -> 186282967 | H23: 30625
A24: 29 | B24: Hombre | C24: SERGIO GONZALEZ GALLEGO | D24: 81044360973 | E24: 1044360973 | F24: 46403184V | G24: =PUNTUALES!#REF! -> #REF! | H24: 30625
A25: 30 | B25: Mujer | C25: ESTER PANÉS RODRÍGUEZ | F25: 45644169W | G25: =G24 -> #REF!
A26: 31 | B26: Mujer | C26: VICTORIA CENDAGORTA VILLALBA | D26: 80534686759 | E26: 0534686759 | F26: 37334593G | G26: =PUNTUALES!#REF! -> #REF! | H26: 26104
A27: 32 | B27: Hombre | C27: EDUARD ARNALOT MIRALLES | D27: 81029958392 | E27: 1029958392 | F27: 44980702Q | G27: =G26 -> #REF! | H27: 27680
A28: 33 | B28: Mujer | C28: MARIA AYELEN CANTINI | D28: 281338412404 | E28: 1338412404 | F28: Y0839898K | G28: =G27 -> #REF! | H28: 29673 | K28: ITA
A29: 34 | B29: Mujer | C29: MIREIA SALA MORALES | D29: 81068009270 | E29: 1068009270 | F29: 45636978X | G29: =G28 -> #REF! | H29: 29673
A30: 36 | B30: Hombre | C30: IRIA ROIBAS ESTEVE | F30: 53424899G | G30: =#REF! -> #REF! | H30: 28194 | J30: (NO HAY TARJETA SANITARIA)
A31: 37 | B31: Mujer | C31: MARIA GRAU GONZÁLEZ | D31: 81088713619 | E31: 1088713619 | F31: 47727842J | G31: =#REF! -> #REF! | H31: 30105
A32: 38 | B32: Mujer | C32: CARMEN MONTORO CUADROS | D32: 81061184817 | E32: 1061184817 | F32: 36524159K | G32: =G31 -> #REF! | H32: 28775
A33: 39 | B33: Hombre | C33: IVAN GABRIEL TOMASEVIC VUKASOVIC | D33: 81240966637 | E33: 1240966637 | F33: Y1153692A | G33: =G32 -> #REF! | H33: 28242 | J33: 13042025 | K33: RC fcu | M33: 182521791
A34: 40 | B34: Hombre | C34: NICOLAS ARANA TOMAS | D34: 281116646556 | E34: 1116646556 | F34: 48130291P | G34: =G33 -> #REF! | H34: 27431
A35: 44 | B35: Hombre | C35: ABEL FIGUERAS AGUILAR | D35: 281091475258 | E35: 1091475258 | F35: 46754067N | G35: =#REF! -> #REF! | H35: 27664
A36: 45 | B36: Mujer | C36: JOANA SERRA FORASTE | D36: 81143002903 | E36: 1143002903 | F36: 47808086X | G36: =G35 -> #REF! | H36: 30886 | I36: ES AUTONOMO
A37: 46 | B37: Hombre | C37: ROGER COMPTE ANDRES | D37: 81107269820 | E37: 1107269820 | F37: 47711869W | G37: =G36 -> #REF! | H37: 30694 | I37: CERTIFICADO EMPRESA!!!
A38: 47 | B38: Mujer | C38: MARIA MANUELA GRACIAN ALVAREZ | D38: 81140685613 | E38: 1140685613 | F38: 49551598F | G38: 182521791 | H38: 28291 | I38: REG GENERAL
A39: 48 | B39: Mujer | C39: ELENA ZANZU | F39: Y1001085R | G39: =PUNTUALES!G38 -> 182521791 | I39: (NO ENCUENTRO SU CARPETA)
A40: 49 | B40: Hombre | C40: ROBERTO ALONSO GIL | F40: 71263796K | G40: =G39 -> 182521791 | I40: (NO ENCUENTRO SU CARPETA)
A41: 50 | B41: Hombre | C41: ARIEL ACEVEDO | D41: 81247103909 | E41: 1247103909 | F41: Y0538101F | G41: =G40 -> 182521791 | H41: 30677 | J41: ITA
A42: 50 | B42: Mujer | C42: NATALIA JIMENA BARRANZA ALIBERTI | G42: =PUNTUALES!G38 -> 182521791 | M42: =1520-1519.64 -> 0.36
A43: 51 | B43: Mujer | C43: ROSALBA BOFFA CORACH | D43: 81227132013 | E43: 1227132013 | F43: Y0082470Y | G43: =PUNTUALES!G41 -> 182521791 | H43: 31026 | I43: 21032019 | J43: RLD AUT TR
A44: 52 | B44: Hombre | C44: MAURICIO RAUL VILLAROEL | D44: 471020535307 | E44: 1020535307 | F44: X9521211Q | G44: =G43 -> 182521791 | H44: 28654 | J44: ITA
A45: 54 | B45: Hombre | C45: MARCO RUIZ DESCAMPS | D45: 170066315695 | E45: 0066315695 | F45: 77916691M | G45: =#REF! -> #REF! | H45: 27560
A46: 55 | B46: Hombre | C46: JUAN GONZALEZ CANO | D46: 281028783653 | E46: 1028783653 | F46: 75226218A | G46: =G45 -> #REF! | H46: 27313
A47: 57 | B47: Mujer | C47: NATALIA CRISTOBAL CALLES | D47: 91011374388 | E47: 1011374388 | F47: 12415742C | G47: =#REF! -> #REF! | H47: 31424
A48: 60 | B48: Hombre | C48: JEREMIAS DILLON | D48: 81185861846 | E48: 1185861846 | F48: X8846529Q | G48: =#REF! -> #REF! | H48: 28242 | I48: TÉCNICO SONIDO | J48: ITA
A49: 61 | B49: Hombre | C49: PABLO JAVIER DOMICHOVSKY VINCIGUERRA | D49: 281160487324 | E49: 1160487324 | F49: 50769991K | G49: =#REF! -> #REF! | H49: 29196 | I49: CERTIFICADO EMPRESA!!!
A50: 62 | B50: Hombre | C50: MAGI SERRA FORASTE | D50: 81127310828 | E50: 1127310828 | F50: 47808087B | G50: 186282967 | H50: 30886
A51: 65 | B51: Hombre | C51: FRANCISCO JOSE ORTEGA GARCIA | D51: 411060067250 | E51: 1060067250 | F51: 28789884W | G51: =PUNTUALES!G50 -> 186282967 | H51: 30574 | I51: TÉCNICO SONIDO
A52: 67 | B52: Mujer | C52: VALERIA GUGLIETTI | D52: 81139873136 | E52: 1139873136 | F52: X4375741Z | G52: 186282967 | H52: 26104 | J52: ITA
A53: 70 | B53: Mujer | C53: ADRIANA SEGURADO MENDEZ | D53: 81098996528 | E53: 1098996528 | F53: 47634414B | G53: 186282967 | H53: 29855 | I53: ESCENOGRAFA
A54: 72 | B54: Mujer | C54: ROSER TUTUSAUS MARQUEZ | D54: 431013218541 | E54: 1013218541 | F54: 47771101D | G54: =#REF! -> #REF! | H54: 31198
A55: 73 | B55: Mujer | C55: ANNA MELIÀ ZARROCA | F55: 37391038F | G55: =G54 -> #REF! | H55: 30114 | I55: (NO HAY TARJETA SANITARIA)
A56: 74 | B56: Hombre | C56: PABLO ANDRES POTOCNJAK RIVAS | D56: 71029611636 | E56: 1029611636 | F56: 41645148z | G56: =G54 -> #REF! | H56: 26955
A57: 75 | B57: Mujer | C57: MARTINA BURLET POVOLOTZKY | D57: 80519102596 | E57: 0519102596 | F57: 38138713k | G57: =G56 -> #REF! | H57: 25810
A58: 80 | B58: Mujer | C58: ELIA PEREZ GUISADO | D58: 181046329202 | E58: 1046329202 | F58: 76013614V | G58: 186282967 | H58: 30904
A59: 81 | B59: Mujer | C59: SABRINA CATALAN MEDINA | D59: 281142855249 | E59: 1142855249 | F59: 50128690Y | G59: 186282967 | H59: 30187 | Q59: =29.48*13 -> 383.24
A60: 82 | B60: Mujer | C60: HELENA CANAS ESTREMERA | D60: 81109224772 | E60: 1109224772 | F60: 47721751V | G60: 186282967 | H60: 31130
A61: 83 | B61: Hombre | C61: JORGE CENDAGORTA VILLALBA | D61: 81037442853 | E61: 1037442853 | F61: 37334592A | G61: 186282967 | H61: 27330
A62: 84 | B62: Hombre | C62: FRANCESC MARCHAN ROIG | D62: 431003735981 | E62: 1003735981 | F62: 39717673P | G62: 186282967 | H62: 28799
A63: 86 | B63: Hombre | C63: EDUARDO LALLANA BENDICHO | D63: 81024515581 | E63: 1024515581 | F63: 46761910N | G63: 186282967 | H63: 28078
A64: 87 | B64: Mujer | C64: ARIADNA FERNANDEZ DONIS | D64: 81093980416 | E64: 1093980416 | F64: 43541166G | G64: 186282967 | H64: 29505
A65: 88 | B65: Mujer | C65: BEATRIZ ELVIRA SÁNCHEZ MARCHÁN | D65: 281068726839 | E65: 1068726839 | F65: 50864745S | G65: 182521791 | H65: 28664
A66: 89 | B66: Hombre | C66: FELIX CUCURULL SANGERMAN | D66: 81070756693 | E66: 1070756693 | F66: 36528789M | G66: =G64 -> 186282967 | H66: 28500
A67: 90 | B67: Hombre | C67: ARTURO RODRIGUEZ MEDRANO | D67: 170063393066 | E67: 0063393066 | F67: 44130888Y | G67: =G66 -> 186282967 | H67: 26500
A68: 91 | B68: Hombre | C68: JOAN CARLES TORRES MOLINA | D68: 80498608924 | E68: 498608924 | F68: 46686826T | G68: =G67 -> 186282967 | H68: 25138
A69: 92 | B69: Hombre | C69: MANUEL ROSES MORETO | D69: 281349031981 | E69: 1349031981 | F69: 47865891Q | G69: =G68 -> 186282967 | H69: 31790
A70: 93 | B70: Hombre | C70: NIKLAS PETER JOHAN BLOMBERG | D70: 81286290289 | E70: 1286290289 | F70: y2588541C | G70: =G69 -> 186282967 | H70: 32469 | J70: FINLANDIA
A71: 94 | B71: Hombre | C71: JOSE CARLOS FERRER HERNANDEZ | D71: 111056038715 | E71: 1056038715 | F71: 75774175P | G71: =G70 -> 186282967 | H71: 32469 | I71: TECNICO
A72: 95 | B72: Mujer | C72: CECILIA BEATRIZ COLACRAN | D72: 81144738900 | E72: 1144738900 | F72: x5670410J | G72: =G71 -> 186282967 | H72: 28953 | J72: ITA
A73: 96 | B73: Hombre | C73: PABLO RAMIREZ | D73: 81158501378 | E73: 1158501378 | F73: X5606388T | G73: 182521791 | H73: 28380 | I73: TECNICO | J73: ITA
A74: 97 | B74: Hombre | C74: SAVERIO ABATE | D74: 81170573737 | E74: 1170573737 | F74: X6732361P | G74: 186282967 | H74: 27601 | J74: 3 | K74: 6000327 | L74: ARTISTA DE CIRCO
A75: 98 | B75: Mujer | C75: MARIA DEL PILAR GIMENO DOMENECH | D75: 70056813250 | E75: 0056813250 | F75: 42960073Y | G75: =G74 -> 186282967 | H75: 20122
A76: 99 | B76: Hombre | C76: MATEO MARTINEZ VILLARROYA | D76: 431011945821 | E76: 1011945821 | F76: 47766036g | G76: =G75 -> 186282967 | H76: 29733
A77: 100 | B77: Hombre | C77: EMILIANO PINO | D77: 71070550585 | E77: 1070550585 | F77: y0014709A | G77: =G76 -> 186282967 | H77: 30494 | J77: VAL 22052019 | K77: RC FCU ARG
A78: 101 | B78: Mujer | C78: ALBA GALIMANY SANROMA | D78: 81151468575 | E78: 1151468575 | F78: 46365676E | G78: =G77 -> 186282967 | H78: 32217
A79: 104 | B79: Hombre | C79: BENET JOFRE JIMENEZ | D79: 81041022759 | E79: 1041022759 | F79: 38829624N | G79: =#REF! -> #REF! | H79: 27319
A80: 106 | B80: Hombre | C80: ANGEL DE MIGUEL GARCIA | D80: 81091597145 | E80: 1091597145 | F80: 34740281t | G80: =#REF! -> #REF! | H80: 29196
A81: 107 | B81: Hombre | C81: LUCAS JUAN RUIZ MOLINA | D81: 31020115505 | E81: 1020115505 | F81: 21679147z | G81: =G80 -> #REF! | H81: 29501
A82: 108 | B82: Mujer | C82: ROSER TUTUSAUS MARQUEZ | D82: 431013218541 | E82: 1013218541 | F82: 47771101D | G82: =G81 -> #REF! | H82: 31198
A83: 109 | B83: Mujer | C83: CLARA PRIETO BOIX | D83: 81179357489 | E83: 1179357489 | F83: 46364285B | G83: =G82 -> #REF! | H83: 31418
A84: 110 | B84: Mujer | C84: JACOBO VAZQUEZ JIMENEZ | D84: 80533126978 | E84: 0533126978 | F84: 53074321G | G84: 182521791 | H84: 27317 | I84: FOTOGRAFO
A85: 111 | B85: Mujer | C85: LAURA LENZA ALONSO | D85: 331021963661 | E85: 1021963661 | F85: 32876268E | G85: 186282967 | H85: 29831
A86: 112 | B86: Mujer | C86: MIREIA DE QUEROL DURAN | D86: 81196938842 | E86: 1196938842 | F86: 47164456N | G86: 186282967 | H86: 30581
A87: 114 | B87: Hombre | C87: ANTONIO FERNANDEZ RUIZ | D87: 140071831830 | E87: 0071831830 | F87: 30527556R | G87: 186282967 | H87: 24729
A88: 118 | B88: Hombre | C88: FRANCISCO LOPEZ JUAN | D88: 461063141258 | E88: 1063141258 | F88: 48404354A | G88: 186282967 | H88: 31827
A89: 119 | B89: Hombre | C89: HECTOR PLAZA HERNANDO | D89: 471019720204 | E89: 1019720204 | F89: 71167135Y | G89: =G88 -> 186282967 | H89: 33446
A90: 120 | B90: Mujer | C90: TERESA GARCIA VALENZUELA MORAGAS | D90: 81057441021 | E90: 1057441021 | F90: 53403174A | G90: =G89 -> 186282967 | H90: 28464
A91: 121 | B91: Hombre | C91: CARLES MUÑOZ SAMARRA | D91: 81157691632 | E91: 1157691632 | F91: 47882910S | G91: =G90 -> 186282967 | H91: 32691
A92: 122 | B92: Hombre | C92: AUREL YOAN RENAULT | D92: 81273848829 | E92: 1273848829 | F92: Y2791918P | G92: =G91 -> 186282967 | H92: 31868 | I92: (NO LO ENCUENTRO)
A93: 123 | B93: Mujer | C93: MARIA GABRIELA SANDOVAL CHACON | D93: 171022676473 | E93: 1022676473 | F93: 49769813K | G93: =G92 -> 186282967 | H93: 24735
A94: 124 | B94: Hombre | C94: RUFINO RODRIGUEZ LOPEZ | D94: 80532676738 | E94: 0532676738 | F94: 43431745V | G94: =G93 -> 186282967 | H94: 26819 | I94: CERTIFICADO EMPRESA!!!
A95: 126 | B95: Hombre | C95: ENRIC MASGRAU ANGELATS | D95: 80509254470 | E95: 0509254470 | F95: 46646003W | G95: =#REF! -> #REF! | H95: 26681
A96: 127 | B96: Mujer | C96: YADIRA OLAVARRIA BERROA | D96: 81256412572 | E96: 1256412572 | F96: y1569754h | G96: =G95 -> #REF! | H96: 27068 | I96: 22/11/2025 | J96: FCU RC
A97: 128 | B97: Hombre | C97: JAVIER CASADO PULIDO | D97: 81179837237 | E97: 1179837237 | F97: 78570314Z | G97: =G96 -> #REF! | H97: 30679
A98: 131 | B98: Hombre | C98: FERNANDO AROMI FOLCH | D98: 80487988030 | E98: 0487988030 | F98: 46228183T | G98: =#REF! -> #REF! | H98: 24427
A99: 132 | B99: Mujer | C99: PAULA GERIBONI MIKELIUNAS | D99: 81174325920 | E99: 1174325920 | F99: X6471469M | G99: =G98 -> #REF! | H99: 29912
A100: 133 | B100: Hombre | C100: ANTONIO GUTIERREZ CASADO | D100: 81162045720 | E100: 1162045720 | F100: 77616874q | G100: =G98 -> #REF! | H100: 30576
...
